title;type_bulletin;published;cve_id;cvss_score;cwe;epss_score;link;description;base_severity;vendor;product;versions
Vulnerabilite dans les produits Ivanti (09 janvier 2025);Alerte;Thu, 09 Jan 2025 08:36:57 +0000;CVE-2025-0283;7;CWE-121;0.000430000;https://www.cert.ssi.gouv.fr/alerte/CERTFR-2025-ALE-001/;A stack-based buffer overflow in Ivanti Connect Secure before version 22.7R2.5, Ivanti Policy Secure before version 22.7R1.2, and Ivanti Neurons for ZTA gateways before version 22.7R2.3 allows a local authenticated attacker to escalate their privileges.;Elevee;Ivanti;"Connect Secure; Policy Secure; Neurons for ZTA gateways";"; 22.7R1.2"
Multiples vulnerabilites dans Exim (02 octobre 2023);Alerte;Mon, 02 Oct 2023 02:00:00 +0000;CVE-2023-42116;8.1;CWE-121;0.000650000;https://www.cert.ssi.gouv.fr/alerte/CERTFR-2023-ALE-010/;"Exim SMTP Challenge Stack-based Buffer Overflow Remote Code Execution Vulnerability. This vulnerability allows remote attackers to execute arbitrary code on affected installations of Exim. Authentication is not required to exploit this vulnerability.

The specific flaw exists within the handling of NTLM challenge requests. The issue results from the lack of proper validation of the length of user-supplied data prior to copying it to a fixed-length stack-based buffer. An attacker can leverage this vulnerability to execute code in the context of the service account.
. Was ZDI-CAN-17515.";Elevee;Exim;Exim;exim 4.95
Multiples vulnerabilites dans Tenable Security Center (23 decembre 2024);Avis;Mon, 23 Dec 2024 07:18:31 +0000;CVE-2024-11233;4.8;CWE-122;0.000460000;https://www.cert.ssi.gouv.fr/avis/CERTFR-2024-AVI-1105/;In PHP versions 8.1.* before 8.1.31, 8.2.* before 8.2.26, 8.3.* before 8.3.14, due to an error in convert.quoted-printable-decode filter certain data can lead to buffer overread by one byte, which can in certain circumstances lead to crashes or disclose content of other memory areas.;Moyenne;PHP Group;PHP;8.1.*
Multiples vulnerabilites dans Tenable Security Center (23 decembre 2024);Avis;Mon, 23 Dec 2024 07:18:31 +0000;CVE-2024-11236;9.8;CWE-787;0.001060000;https://www.cert.ssi.gouv.fr/avis/CERTFR-2024-AVI-1105/;In PHP versions 8.1.* before 8.1.31, 8.2.* before 8.2.26, 8.3.* before 8.3.14, uncontrolled long string inputs to ldap_escape() function on 32-bit systems can cause an integer overflow, resulting in an out-of-bounds write.;Critique;PHP Group;PHP;8.1.*
Vulnerabilite dans Adobe ColdFusion (24 decembre 2024);Avis;Tue, 24 Dec 2024 07:02:34 +0000;CVE-2024-53961;7.4;CWE-22;0.000910000;https://www.cert.ssi.gouv.fr/avis/CERTFR-2024-AVI-1106/;ColdFusion versions 2023.11, 2021.17 and earlier are affected by an Improper Limitation of a Pathname to a Restricted Directory ( Path Traversal ) vulnerability that could lead to arbitrary file system read. An attacker could exploit this vulnerability to access files or directories that are outside of the restricted directory set by the application. This could lead to the disclosure of sensitive information or the manipulation of system data.;Elevee;Adobe;ColdFusion;0
Multiples vulnerabilites dans Exim (02 octobre 2023);Alerte;Mon, 02 Oct 2023 02:00:00 +0000;CVE-2023-42117;8.1;CWE-138;0.000650000;https://www.cert.ssi.gouv.fr/alerte/CERTFR-2023-ALE-010/;"Exim Improper Neutralization of Special Elements Remote Code Execution Vulnerability. This vulnerability allows remote attackers to execute arbitrary code on affected installations of Exim. Authentication is not required to exploit this vulnerability.

The specific flaw exists within the smtp service, which listens on TCP port 25 by default. The issue results from the lack of proper validation of user-supplied data, which can result in a memory corruption condition. An attacker can leverage this vulnerability to execute code in the context of the current process. Was ZDI-CAN-17554.";Elevee;Exim;Exim;4.96-RC1-11-315206fbf
Multiples vulnerabilites dans Exim (02 octobre 2023);Alerte;Mon, 02 Oct 2023 02:00:00 +0000;CVE-2023-42119;3.1;CWE-125;0.000650000;https://www.cert.ssi.gouv.fr/alerte/CERTFR-2023-ALE-010/;"Exim dnsdb Out-Of-Bounds Read Information Disclosure Vulnerability. This vulnerability allows network-adjacent attackers to disclose sensitive information on affected installations of Exim. Authentication is not required to exploit this vulnerability.

The specific flaw exists within the smtp service, which listens on TCP port 25 by default. The issue results from the lack of proper validation of user-supplied data, which can result in a read past the end of an allocated buffer. An attacker can leverage this in conjunction with other vulnerabilities to execute arbitrary code in the context of the service account.
. Was ZDI-CAN-17643.";Faible;Exim;Exim;exim 4.96-RC0-14-24b8ed847-XX
Multiples vulnerabilites dans Exim (02 octobre 2023);Alerte;Mon, 02 Oct 2023 02:00:00 +0000;CVE-2023-42115;9.8;CWE-787;0.000750000;https://www.cert.ssi.gouv.fr/alerte/CERTFR-2023-ALE-010/;"Exim AUTH Out-Of-Bounds Write Remote Code Execution Vulnerability. This vulnerability allows remote attackers to execute arbitrary code on affected installations of Exim. Authentication is not required to exploit this vulnerability. 

The specific flaw exists within the smtp service, which listens on TCP port 25 by default. The issue results from the lack of proper validation of user-supplied data, which can result in a write past the end of a buffer. An attacker can leverage this vulnerability to execute code in the context of the service account.
. Was ZDI-CAN-17434.";Critique;Exim;Exim;exim 4.95
[MaJ] Vulnerabilite dans Citrix NetScaler ADC et NetScaler Gateway (19 juillet 2023);Alerte;Wed, 19 Jul 2023 02:00:00 +0000;CVE-2023-3519;9.8;CWE-94;0.964000000;https://www.cert.ssi.gouv.fr/alerte/CERTFR-2023-ALE-008/;"Unauthenticated remote code execution
";Critique;Citrix;"NetScaler ADC ; NetScaler Gateway";13.1
Vulnerabilite dans les produits Microsoft (12 juillet 2023);Alerte;Wed, 12 Jul 2023 02:00:00 +0000;CVE-2023-36884;7.5;CWE-362;0.236810000;https://www.cert.ssi.gouv.fr/alerte/CERTFR-2023-ALE-006/;Windows Search Remote Code Execution Vulnerability;Elevee;Microsoft;"Windows 10 Version 1809; Windows Server 2019; Windows Server 2019 (Server Core installation); Windows Server 2022; Windows 11 version 21H2; Windows 10 Version 21H2; Windows 11 version 22H2; Windows 10 Version 22H2; Windows 10 Version 1507; Windows 10 Version 1607; Windows Server 2016; Windows Server 2016 (Server Core installation); Windows Server 2008 Service Pack 2; Windows Server 2008 Service Pack 2 (Server Core installation); Windows Server 2008  Service Pack 2; Windows Server 2008 R2 Service Pack 1; Windows Server 2008 R2 Service Pack 1 (Server Core installation); Windows Server 2012; Windows Server 2012 (Server Core installation); Windows Server 2012 R2; Windows Server 2012 R2 (Server Core installation)";"10.0.17763.0; 10.0.0; 10.0.20348.0; 10.0.19043.0; 10.0.22621.0; 10.0.19045.0; 10.0.10240.0; 10.0.14393.0; 6.0.6003.0; 6.1.7601.0; 6.2.9200.0; 6.3.9600.0"
Vulnerabilite dans les produits Fortinet (13 juin 2023);Alerte;Tue, 13 Jun 2023 02:00:00 +0000;CVE-2023-27997;9.2;CWE-122;0.106510000;https://www.cert.ssi.gouv.fr/alerte/CERTFR-2023-ALE-004/;A heap-based buffer overflow vulnerability [CWE-122] in FortiOS version 7.2.4 and below, version 7.0.11 and below, version 6.4.12 and below, version 6.0.16 and below and FortiProxy version 7.2.3 and below, version 7.0.9 and below, version 2.0.12 and below, version 1.2 all versions, version 1.1 all versions SSL-VPN may allow a remote attacker to execute arbitrary code or commands via specifically crafted requests.;Critique;Fortinet;"FortiOS-6K7K; FortiProxy; FortiOS";"7.0.10; 7.2.0"
Multiples vulnerabilites dans le greffon Security QRadar Log Management AQL de IBM (27 decembre 2024);Avis;Fri, 27 Dec 2024 12:49:58 +0000;CVE-2024-21489;8.2;CWE-1321;0.000450000;https://www.cert.ssi.gouv.fr/avis/CERTFR-2024-AVI-1110/;Versions of the package uplot before 1.6.31 are vulnerable to Prototype Pollution via the uplot.assign function due to missing check if the attribute resolves to the object prototype.;Elevee;n/a;uplot;0
Multiples vulnerabilites dans le greffon Security QRadar Log Management AQL de IBM (27 decembre 2024);Avis;Fri, 27 Dec 2024 12:49:58 +0000;CVE-2024-45296;7.5;CWE-1333;0.000450000;https://www.cert.ssi.gouv.fr/avis/CERTFR-2024-AVI-1110/;path-to-regexp turns path strings into a regular expressions. In certain cases, path-to-regexp will output a regular expression that can be exploited to cause poor performance. Because JavaScript is single threaded and regex matching runs on the main thread, poor performance will block the event loop and lead to a DoS. The bad regular expression is generated any time you have two parameters within a single segment, separated by something that is not a period (.). For users of 0.1, upgrade to 0.1.10. All other users should upgrade to 8.0.0.;Elevee;pillarjs;path-to-regexp;< 0.1.10
[MaJ] Vulnerabilite dans Microsoft Outlook (15 mars 2023);Alerte;Wed, 15 Mar 2023 01:00:00 +0000;CVE-2023-23397;9.8;CWE-20;0.883600000;https://www.cert.ssi.gouv.fr/alerte/CERTFR-2023-ALE-002/;Microsoft Outlook Elevation of Privilege Vulnerability;Critique;Microsoft;"Microsoft Office LTSC 2021; Microsoft Outlook 2016; Microsoft 365 Apps for Enterprise; Microsoft Office 2019; Microsoft Outlook 2013 Service Pack 1";"16.0.1; 16.0.0.0; 19.0.0; 15.0.0.0"
[MaJ] Vulnerabilite dans Microsoft Outlook (15 mars 2023);Alerte;Wed, 15 Mar 2023 01:00:00 +0000;CVE-2023-29324;6.5;CWE-73;0.116240000;https://www.cert.ssi.gouv.fr/alerte/CERTFR-2023-ALE-002/;Windows MSHTML Platform Security Feature Bypass Vulnerability;Moyenne;Microsoft;"Windows 10 Version 1809; Windows Server 2019; Windows Server 2019 (Server Core installation); Windows Server 2022; Windows 10 Version 20H2; Windows 11 version 21H2; Windows 10 Version 21H2; Windows 11 version 22H2; Windows 10 Version 22H2; Windows 10 Version 1507; Windows 10 Version 1607; Windows Server 2016; Windows Server 2016 (Server Core installation); Windows Server 2008 Service Pack 2; Windows Server 2008 Service Pack 2 (Server Core installation); Windows Server 2008  Service Pack 2; Windows Server 2008 R2 Service Pack 1; Windows Server 2008 R2 Service Pack 1 (Server Core installation); Windows Server 2012; Windows Server 2012 (Server Core installation); Windows Server 2012 R2; Windows Server 2012 R2 (Server Core installation)";"10.0.17763.0; 10.0.0; 10.0.20348.0; 10.0.19043.0; 10.0.22621.0; 10.0.19045.0; 10.0.10240.0; 10.0.14393.0; 6.0.6003.0; 6.1.7601.0; 6.2.9200.0; 6.3.9600.0"
Vulnerabilite dans Fortinet FortiOS (14 mars 2023);Alerte;Tue, 14 Mar 2023 01:00:00 +0000;CVE-2022-41328;6.5;CWE-22;0.081040000;https://www.cert.ssi.gouv.fr/alerte/CERTFR-2023-ALE-001/;A improper limitation of a pathname to a restricted directory vulnerability ( path traversal ) [CWE-22] in Fortinet FortiOS version 7.2.0 through 7.2.3, 7.0.0 through 7.0.9 and before 6.4.11 allows a privileged attacker to read and write files on the underlying Linux system via crafted CLI commands.;Moyenne;Fortinet;FortiOS;7.2.0
Multiples vulnerabilites dans AMI MegaRAC (16 decembre 2022);Alerte;Fri, 16 Dec 2022 01:00:00 +0000;CVE-2022-40242;7.5;CWE-798;0.002010000;https://www.cert.ssi.gouv.fr/alerte/CERTFR-2022-ALE-014/;MegaRAC Default Credentials Vulnerability;Elevee;AMI;"MegaRAC SPx12; MegaRAC SPx13";0
Multiples vulnerabilites dans AMI MegaRAC (16 decembre 2022);Alerte;Fri, 16 Dec 2022 01:00:00 +0000;CVE-2022-40259;8.3;CWE-798;0.002610000;https://www.cert.ssi.gouv.fr/alerte/CERTFR-2022-ALE-014/;MegaRAC Default Credentials Vulnerability;Elevee;AMI;"MegaRAC SPx12; MegaRAC SPx13";0
Multiples vulnerabilites dans AMI MegaRAC (16 decembre 2022);Alerte;Fri, 16 Dec 2022 01:00:00 +0000;CVE-2022-2827;7.5;CWE-200;0.001500000;https://www.cert.ssi.gouv.fr/alerte/CERTFR-2022-ALE-014/;AMI MegaRAC User Enumeration Vulnerability;Elevee;AMI;"MegaRAC SPx12; MegaRAC SPx13";0
[MaJ] Vulnerabilite dans FortiOS SSL-VPN (13 decembre 2022);Alerte;Tue, 13 Dec 2022 01:00:00 +0000;CVE-2022-42475;9.3;CWE-197;0.257330000;https://www.cert.ssi.gouv.fr/alerte/CERTFR-2022-ALE-012/;A heap-based buffer overflow vulnerability [CWE-122] in FortiOS SSL-VPN 7.2.0 through 7.2.2, 7.0.0 through 7.0.8, 6.4.0 through 6.4.10, 6.2.0 through 6.2.11, 6.0.15 and earlier  and FortiProxy SSL-VPN 7.2.0 through 7.2.1, 7.0.7 and earlier may allow a remote unauthenticated attacker to execute arbitrary code or commands via specifically crafted requests.;Critique;Fortinet;"FortiProxy; FortiOS";7.2.0
Multiples vulnerabilites dans GLPI (07 octobre 2022);Alerte;Fri, 07 Oct 2022 02:00:00 +0000;CVE-2022-35947;10;CWE-89;0.001800000;https://www.cert.ssi.gouv.fr/alerte/CERTFR-2022-ALE-010/;GLPI stands for Gestionnaire Libre de Parc Informatique and is a Free Asset and IT Management Software package, that provides ITIL Service Desk features, licenses tracking and software auditing. Affected versions have been found to be vulnerable to a SQL injection attack which an attacker could leverage to simulate an arbitrary user login. Users are advised to upgrade to version 10.0.3. Users unable to upgrade should disable the `Enable login with external token` API configuration.;Critique;glpi-project;glpi;>= 9.1
Multiples vulnerabilites dans les produits Juniper Networks (09 janvier 2025);Avis;Thu, 09 Jan 2025 09:47:38 +0000;CVE-2020-11022;6.9;CWE-79;0.087630000;https://www.cert.ssi.gouv.fr/avis/CERTFR-2025-AVI-0018/;In jQuery versions greater than or equal to 1.2 and before 3.5.0, passing HTML from untrusted sources - even after sanitizing it - to one of jQuery s DOM manipulation methods (i.e. .html(), .append(), and others) may execute untrusted code. This problem is patched in jQuery 3.5.0.;Moyenne;jquery;jQuery;>= 1.2
Multiples vulnerabilites dans les produits Juniper Networks (09 janvier 2025);Avis;Thu, 09 Jan 2025 09:47:38 +0000;CVE-2022-24808;6.5;CWE-476;0.000440000;https://www.cert.ssi.gouv.fr/avis/CERTFR-2025-AVI-0018/;"net-snmp provides various tools relating to the Simple Network Management Protocol. Prior to version 5.9.2, a user with read-write credentials can use a malformed OID in a `SET` request to `NET-SNMP-AGENT-MIB::nsLogTable` to cause a NULL pointer dereference. Version 5.9.2 contains a patch. Users should use strong SNMPv3 credentials and avoid sharing the credentials. Those who must use SNMPv1 or SNMPv2c should use a complex community string and enhance the protection by restricting access to a given IP address range.
";Moyenne;net-snmp;net-snmp;0
Vulnerabilite dans les produits Ivanti (09 janvier 2025);Alerte;Thu, 09 Jan 2025 08:36:57 +0000;CVE-2025-0282;9;CWE-121;0.019460000;https://www.cert.ssi.gouv.fr/alerte/CERTFR-2025-ALE-001/;A stack-based buffer overflow in Ivanti Connect Secure before version 22.7R2.5, Ivanti Policy Secure before version 22.7R1.2, and Ivanti Neurons for ZTA gateways before version 22.7R2.3 allows a remote unauthenticated attacker to achieve remote code execution.;Critique;Ivanti;"Connect Secure; Policy Secure; Neurons for ZTA gateways";"22.7R2; 22.7R1"
Multiples vulnerabilites dans GitLab (09 janvier 2025);Avis;Thu, 09 Jan 2025 09:13:32 +0000;CVE-2024-12431;4.3;CWE-862;0.000450000;https://www.cert.ssi.gouv.fr/avis/CERTFR-2025-AVI-0015/;An issue was discovered in GitLab CE/EE affecting all versions starting from 15.5 before 17.5.5, 17.6 before 17.6.3, and 17.7 before 17.7.1, in which unauthorized users could manipulate the status of issues in public projects.;Moyenne;GitLab;GitLab;15.5
Multiples vulnerabilites dans GitLab (09 janvier 2025);Avis;Thu, 09 Jan 2025 09:13:32 +0000;CVE-2024-6324;4.3;CWE-407;0.000450000;https://www.cert.ssi.gouv.fr/avis/CERTFR-2025-AVI-0015/;An issue was discovered in GitLab CE/EE affecting all versions starting from 15.7 prior to 17.5.5, starting from 17.6 prior to 17.6.3, and starting from 17.7 prior to 17.7.1. It was possible to trigger a DoS by creating cyclic references between epics.;Moyenne;GitLab;GitLab;17.7
Multiples vulnerabilites dans GitLab (09 janvier 2025);Avis;Thu, 09 Jan 2025 09:13:32 +0000;CVE-2024-13041;4.2;CWE-286;0.000430000;https://www.cert.ssi.gouv.fr/avis/CERTFR-2025-AVI-0015/;An issue was discovered in GitLab CE/EE affecting all versions starting from 16.4 prior to 17.5.5, starting from 17.6 prior to 17.6.3, and starting from 17.7 prior to 17.7.1. When a user is created via the SAML provider, the external groups setting overrides the external provider configuration. As a result, the user may not be marked as external thereby giving those users access to internal projects or groups.;Moyenne;GitLab;GitLab;16.4
Multiples vulnerabilites dans GitLab (09 janvier 2025);Avis;Thu, 09 Jan 2025 09:13:32 +0000;CVE-2025-0194;6.5;CWE-538;0.000430000;https://www.cert.ssi.gouv.fr/avis/CERTFR-2025-AVI-0015/;An issue was discovered in GitLab CE/EE affecting all versions starting from 17.4 prior to 17.5.5, starting from 17.6 prior to 17.6.3, and starting from 17.7 prior to 17.7.1. Under certain conditions, access tokens may have been logged when API requests were made in a specific manner.;Moyenne;GitLab;GitLab;17.4
Multiples vulnerabilites dans les produits Ivanti (09 janvier 2025);Avis;Thu, 09 Jan 2025 07:42:19 +0000;CVE-2025-0283;7;CWE-121;0.000430000;https://www.cert.ssi.gouv.fr/avis/CERTFR-2025-AVI-0014/;A stack-based buffer overflow in Ivanti Connect Secure before version 22.7R2.5, Ivanti Policy Secure before version 22.7R1.2, and Ivanti Neurons for ZTA gateways before version 22.7R2.3 allows a local authenticated attacker to escalate their privileges.;Elevee;Ivanti;"Connect Secure; Policy Secure; Neurons for ZTA gateways";"; 22.7R1.2"
Multiples vulnerabilites dans les produits Ivanti (09 janvier 2025);Avis;Thu, 09 Jan 2025 07:42:19 +0000;CVE-2025-0282;9;CWE-121;0.019460000;https://www.cert.ssi.gouv.fr/avis/CERTFR-2025-AVI-0014/;A stack-based buffer overflow in Ivanti Connect Secure before version 22.7R2.5, Ivanti Policy Secure before version 22.7R1.2, and Ivanti Neurons for ZTA gateways before version 22.7R2.3 allows a remote unauthenticated attacker to achieve remote code execution.;Critique;Ivanti;"Connect Secure; Policy Secure; Neurons for ZTA gateways";"22.7R2; 22.7R1"
[MaJ] Multiples vulnerabilites dans Cisco IOS XE (17 octobre 2023);Alerte;Tue, 17 Oct 2023 02:00:00 +0000;CVE-2023-20198;10;CWE-420;0.883440000;https://www.cert.ssi.gouv.fr/alerte/CERTFR-2023-ALE-011/;Cisco is providing an update for the ongoing investigation into observed exploitation of the web UI feature in Cisco IOS XE Software. We are updating the list of fixed releases and adding the Software Checker. Our investigation has determined that the actors exploited two previously unknown issues. The attacker first exploited CVE-2023-20198 to gain initial access and issued a privilege 15 command to create a local user and password combination. This allowed the user to log in with normal user access. The attacker then exploited another component of the web UI feature, leveraging the new local user to elevate privilege to root and write the implant to the file system. Cisco has assigned CVE-2023-20273 to this issue. CVE-2023-20198 has been assigned a CVSS Score of 10.0. CVE-2023-20273 has been assigned a CVSS Score of 7.2. Both of these CVEs are being tracked by CSCwh87343.;Critique;Cisco;Cisco IOS XE Software;16.1.1
[MaJ] Multiples vulnerabilites dans Cisco IOS XE (17 octobre 2023);Alerte;Tue, 17 Oct 2023 02:00:00 +0000;CVE-2023-20273;7.2;CWE-78;0.074720000;https://www.cert.ssi.gouv.fr/alerte/CERTFR-2023-ALE-011/;A vulnerability in the web UI feature of Cisco IOS XE Software could allow an authenticated, remote attacker to inject commands with the privileges of root. This vulnerability is due to insufficient input validation. An attacker could exploit this vulnerability by sending crafted input to the web UI. A successful exploit could allow the attacker to inject commands to the underlying operating system with root privileges.;Elevee;Cisco;Cisco IOS XE Software;16.1.1
Multiples vulnerabilites dans Exim (02 octobre 2023);Alerte;Mon, 02 Oct 2023 02:00:00 +0000;CVE-2023-42118;7.5;CWE-191;0.000650000;https://www.cert.ssi.gouv.fr/alerte/CERTFR-2023-ALE-010/;"Exim libspf2 Integer Underflow Remote Code Execution Vulnerability. This vulnerability allows network-adjacent attackers to execute arbitrary code on affected installations of Exim libspf2. Authentication is not required to exploit this vulnerability. 

The specific flaw exists within the parsing of SPF macros. When parsing SPF macros, the process does not properly validate user-supplied data, which can result in an integer underflow before writing to memory. An attacker can leverage this vulnerability to execute code in the context of the service account.
. Was ZDI-CAN-17578.";Elevee;Exim;libspf2;exim 4.96-RC0-14-24b8ed847-XX
[MaJ] Vulnerabilite dans Citrix NetScaler ADC et NetScaler Gateway (23 octobre 2023);Alerte;Mon, 23 Oct 2023 02:00:00 +0000;CVE-2023-4966;9.4;CWE-119;0.952900000;https://www.cert.ssi.gouv.fr/alerte/CERTFR-2023-ALE-012/;"Sensitive information disclosure in NetScaler ADC and NetScaler Gateway when configured as a Gateway (VPN virtual server, ICA Proxy, CVPN, RDP Proxy) or AAA  virtual server. 



";Critique;Citrix;"NetScaler ADC ; NetScaler Gateway";14.1
Multiples vulnerabilites dans les produits IBM (20 decembre 2024);Avis;Fri, 20 Dec 2024 13:01:32 +0000;CVE-2024-22195;5.4;CWE-79;0.001130000;https://www.cert.ssi.gouv.fr/avis/CERTFR-2024-AVI-1103/;"Jinja is an extensible templating engine. Special placeholders in the template allow writing code similar to Python syntax. It is possible to inject arbitrary HTML attributes into the rendered HTML template, potentially leading to Cross-Site Scripting (XSS). The Jinja `xmlattr` filter can be abused to inject arbitrary HTML attribute keys and values, bypassing the auto escaping mechanism and potentially leading to XSS. It may also be possible to bypass attribute validation checks if they are blacklist-based.
";Moyenne;pallets;jinja;< 3.1.3
Multiples vulnerabilites dans Sophos Firewall (20 decembre 2024);Avis;Fri, 20 Dec 2024 09:23:30 +0000;CVE-2024-12728;9.8;CWE-1391;0.000430000;https://www.cert.ssi.gouv.fr/avis/CERTFR-2024-AVI-1099/;A weak credentials vulnerability potentially allows privileged system access via SSH to Sophos Firewall older than version 20.0 MR3 (20.0.3).;Critique;Sophos;Sophos Firewall;0
Multiples vulnerabilites dans Sophos Firewall (20 decembre 2024);Avis;Fri, 20 Dec 2024 09:23:30 +0000;CVE-2024-12727;9.8;CWE-89;0.000430000;https://www.cert.ssi.gouv.fr/avis/CERTFR-2024-AVI-1099/;A pre-auth SQL injection vulnerability in the email protection feature of Sophos Firewall versions older than 21.0 MR1 (21.0.1) allows access to the reporting database and can lead to remote code execution if a specific configuration of Secure PDF eXchange (SPX) is enabled in combination with the firewall running in High Availability (HA) mode.;Critique;Sophos;Sophos Firewall;0
Multiples vulnerabilites dans Sophos Firewall (20 decembre 2024);Avis;Fri, 20 Dec 2024 09:23:30 +0000;CVE-2024-12729;8.8;CWE-94;0.000430000;https://www.cert.ssi.gouv.fr/avis/CERTFR-2024-AVI-1099/;A post-auth code injection vulnerability in the User Portal allows authenticated users to execute code remotely in Sophos Firewall older than version 21.0 MR1 (21.0.1).;Elevee;Sophos;Sophos Firewall;0
[MaJ] Vulnerabilites affectant OpenPrinting CUPS (27 septembre 2024);Alerte;Fri, 27 Sep 2024 13:20:54 +0000;CVE-2024-47177;9.1;CWE-77;0.000440000;https://www.cert.ssi.gouv.fr/alerte/CERTFR-2024-ALE-012/;CUPS is a standards-based, open-source printing system, and cups-filters provides backends, filters, and other software for CUPS 2.x to use on non-Mac OS systems. Any value passed to `FoomaticRIPCommandLine` via a PPD file will be executed as a user controlled command. When combined with other logic bugs as described in CVE_2024-47176, this can lead to remote command execution.;Critique;OpenPrinting;cups-filters;<= 2.0.1
Exploitations de vulnerabilites dans Ivanti Cloud Services Appliance (CSA) (22 octobre 2024);Alerte;Tue, 22 Oct 2024 02:00:00 +0000;CVE-2024-8190;7.2;CWE-78;0.113310000;https://www.cert.ssi.gouv.fr/alerte/CERTFR-2024-ALE-013/;An OS command injection vulnerability in Ivanti Cloud Services Appliance versions 4.6 Patch 518 and before allows a remote authenticated attacker to obtain remote code execution. The attacker must have admin level privileges to exploit this vulnerability.;Elevee;Ivanti;CSA (Cloud Services Appliance);
[MaJ] Vulnerabilites affectant OpenPrinting CUPS (27 septembre 2024);Alerte;Fri, 27 Sep 2024 13:20:54 +0000;CVE-2024-47176;5.3;CWE-1327;0.000630000;https://www.cert.ssi.gouv.fr/alerte/CERTFR-2024-ALE-012/;CUPS is a standards-based, open-source printing system, and `cups-browsed` contains network printing functionality including, but not limited to, auto-discovering print services and shared printers. `cups-browsed` binds to `INADDR_ANY:631`, causing it to trust any packet from any source, and can cause the `Get-Printer-Attributes` IPP request to an attacker controlled URL. When combined with other vulnerabilities, such as CVE-2024-47076, CVE-2024-47175, and CVE-2024-47177, an attacker can execute arbitrary commands remotely on the target machine without authentication when a malicious printer is printed to.;Moyenne;OpenPrinting;cups-browsed;<= 2.0.1
Exploitations de vulnerabilites dans Ivanti Cloud Services Appliance (CSA) (22 octobre 2024);Alerte;Tue, 22 Oct 2024 02:00:00 +0000;CVE-2024-9381;7.2;CWE-22;0.000490000;https://www.cert.ssi.gouv.fr/alerte/CERTFR-2024-ALE-013/;Path traversal in Ivanti CSA before version 5.0.2 allows a remote authenticated attacker with admin privileges to bypass restrictions.;Elevee;Ivanti;CSA (Cloud Services Appliance);
Exploitations de vulnerabilites dans Ivanti Cloud Services Appliance (CSA) (22 octobre 2024);Alerte;Tue, 22 Oct 2024 02:00:00 +0000;CVE-2024-9380;7.2;CWE-77;0.042720000;https://www.cert.ssi.gouv.fr/alerte/CERTFR-2024-ALE-013/;An OS command injection vulnerability in the admin web console of Ivanti CSA before version 5.0.2 allows a remote authenticated attacker with admin privileges to obtain remote code execution.;Elevee;Ivanti;CSA (Cloud Services Appliance);
Multiples vulnerabilites dans les produits Fortinet (19 decembre 2024);Avis;Thu, 19 Dec 2024 08:27:14 +0000;CVE-2024-48889;7.2;CWE-78;0.000430000;https://www.cert.ssi.gouv.fr/avis/CERTFR-2024-AVI-1096/;An Improper Neutralization of Special Elements used in an OS Command ( OS Command Injection ) vulnerability [CWE-78] in FortiManager version 7.6.0, version 7.4.4 and below, version 7.2.7 and below, version 7.0.12 and below, version 6.4.14 and below and FortiManager Cloud version 7.4.4 and below, version 7.2.7 to 7.2.1, version 7.0.12 to 7.0.1 may allow an authenticated remote attacker to execute unauthorized code via FGFM crafted requests.;Elevee;Fortinet;FortiManager;7.6.0
Multiples vulnerabilites dans les produits Fortinet (19 decembre 2024);Avis;Thu, 19 Dec 2024 08:27:14 +0000;CVE-2023-34990;9.6;CWE-23;0.000430000;https://www.cert.ssi.gouv.fr/avis/CERTFR-2024-AVI-1096/;A relative path traversal in Fortinet FortiWLM version 8.6.0 through 8.6.5 and 8.5.0 through 8.5.4 allows attacker to execute unauthorized code or commands via specially crafted web requests.;Critique;Fortinet;FortiWLM;8.6.0
Multiples vulnerabilites dans les produits Fortinet (19 decembre 2024);Avis;Thu, 19 Dec 2024 08:27:14 +0000;CVE-2024-50570;4.9;CWE-312;0.000430000;https://www.cert.ssi.gouv.fr/avis/CERTFR-2024-AVI-1096/;A Cleartext Storage of Sensitive Information vulnerability [CWE-312] in FortiClientWindows 7.4.0 through 7.4.1, 7.2.0 through 7.2.6, 7.0.0 through 7.0.13 and FortiClientLinux 7.4.0 through 7.4.2, 7.2.0 through 7.2.7, 7.0.0 through 7.0.13 may permit a local authenticated user to retrieve VPN password via memory dump, due to JavaScript s garbage collector;Moyenne;Fortinet;"FortiClientMac; FortiClientLinux; FortiClientWindows";7.4.0
Exploitations de vulnerabilites dans Ivanti Cloud Services Appliance (CSA) (22 octobre 2024);Alerte;Tue, 22 Oct 2024 02:00:00 +0000;CVE-2024-9379;6.5;CWE-89;0.006060000;https://www.cert.ssi.gouv.fr/alerte/CERTFR-2024-ALE-013/;SQL injection in the admin web console of Ivanti CSA before version 5.0.2 allows a remote authenticated attacker with admin privileges to run arbitrary SQL statements.;Moyenne;Ivanti;CSA (Cloud Services Appliance);
[MaJ] Multiples vulnerabilites dans Fortinet FortiManager (23 octobre 2024);Alerte;Wed, 23 Oct 2024 15:45:11 +0000;CVE-2024-47575;9.8;CWE-306;0.871460000;https://www.cert.ssi.gouv.fr/alerte/CERTFR-2024-ALE-014/;A missing authentication for critical function in FortiManager 7.6.0, FortiManager 7.4.0 through 7.4.4, FortiManager 7.2.0 through 7.2.7, FortiManager 7.0.0 through 7.0.12, FortiManager 6.4.0 through 6.4.14, FortiManager 6.2.0 through 6.2.12, Fortinet FortiManager Cloud 7.4.1 through 7.4.4, FortiManager Cloud 7.2.1 through 7.2.7, FortiManager Cloud 7.0.1 through 7.0.12, FortiManager Cloud 6.4.1 through 6.4.7 allows attacker to execute arbitrary code or commands via specially crafted requests.;Critique;Fortinet;FortiManager;7.6.0
Exploitations de vulnerabilites dans Ivanti Cloud Services Appliance (CSA) (22 octobre 2024);Alerte;Tue, 22 Oct 2024 02:00:00 +0000;CVE-2024-8963;9.4;CWE-22;0.967990000;https://www.cert.ssi.gouv.fr/alerte/CERTFR-2024-ALE-013/;Path Traversal in the Ivanti CSA before 4.6 Patch 519 allows a remote unauthenticated attacker to access restricted functionality.;Critique;Ivanti;CSA (Cloud Services Appliance);
[MaJ] Vulnerabilites affectant OpenPrinting CUPS (27 septembre 2024);Alerte;Fri, 27 Sep 2024 13:20:54 +0000;CVE-2024-47076;8.6;CWE-20;0.000450000;https://www.cert.ssi.gouv.fr/alerte/CERTFR-2024-ALE-012/;CUPS is a standards-based, open-source printing system, and `libcupsfilters` contains the code of the filters of the former `cups-filters` package as library functions to be used for the data format conversion tasks needed in Printer Applications. The `cfGetPrinterAttributes5` function in `libcupsfilters` does not sanitize IPP attributes returned from an IPP server. When these IPP attributes are used, for instance, to generate a PPD file, this can lead to attacker controlled data to be provided to the rest of the CUPS system.;Elevee;OpenPrinting;libcupsfilters;<= 2.1b1
[MaJ] Vulnerabilites affectant OpenPrinting CUPS (27 septembre 2024);Alerte;Fri, 27 Sep 2024 13:20:54 +0000;CVE-2024-47175;8.6;CWE-20;0.000450000;https://www.cert.ssi.gouv.fr/alerte/CERTFR-2024-ALE-012/;CUPS is a standards-based, open-source printing system, and `libppd` can be used for legacy PPD file support. The `libppd` function `ppdCreatePPDFromIPP2` does not sanitize IPP attributes when creating the PPD buffer. When used in combination with other functions such as `cfGetPrinterAttributes5`, can result in user controlled input and ultimately code execution via Foomatic. This vulnerability can be part of an exploit chain leading to remote code execution (RCE), as described in CVE-2024-47176.;Elevee;OpenPrinting;libppd;<= 2.1b1
Multiples vulnerabilites dans les produits Splunk (08 janvier 2025);Avis;Wed, 08 Jan 2025 08:14:55 +0000;CVE-2025-22621;6.4;CWE-269;0.000430000;https://www.cert.ssi.gouv.fr/avis/CERTFR-2025-AVI-0010/;In versions 1.0.67 and lower of the Splunk App for SOAR, the Splunk documentation for that app recommended adding the `admin_all_objects` capability to the `splunk_app_soar` role. This addition could lead to improper access control for a low-privileged user that does not hold the “admin“  Splunk roles.;Moyenne;Splunk;Splunk App for SOAR;1.0
Multiples vulnerabilites dans les produits Cisco (25 avril 2024);Alerte;Thu, 25 Apr 2024 02:00:00 +0000;CVE-2024-20359;6;CWE-94;0.001280000;https://www.cert.ssi.gouv.fr/alerte/CERTFR-2024-ALE-007/;"A vulnerability in a legacy capability that allowed for the preloading of VPN clients and plug-ins and that has been available in Cisco Adaptive Security Appliance (ASA) Software and Cisco Firepower Threat Defense (FTD) Software could allow an authenticated, local attacker to execute arbitrary code with root-level privileges. Administrator-level privileges are required to exploit this vulnerability.
 This vulnerability is due to improper validation of a file when it is read from system flash memory. An attacker could exploit this vulnerability by copying a crafted file to the disk0: file system of an affected device. A successful exploit could allow the attacker to execute arbitrary code on the affected device after the next reload of the device, which could alter system behavior. Because the injected code could persist across device reboots, Cisco has raised the Security Impact Rating (SIR) of this advisory from Medium to High.";Moyenne;Cisco;"Cisco Adaptive Security Appliance (ASA) Software; Cisco Firepower Threat Defense Software";"9.8.1; 6.2.3"
[MaJ] Vulnerabilite dans Palo Alto Networks GlobalProtect (12 avril 2024);Alerte;Fri, 12 Apr 2024 02:00:00 +0000;CVE-2024-3400;10;CWE-77;0.963390000;https://www.cert.ssi.gouv.fr/alerte/CERTFR-2024-ALE-006/;"A command injection as a result of arbitrary file creation vulnerability in the GlobalProtect feature of Palo Alto Networks PAN-OS software for specific PAN-OS versions and distinct feature configurations may enable an unauthenticated attacker to execute arbitrary code with root privileges on the firewall.

Cloud NGFW, Panorama appliances, and Prisma Access are not impacted by this vulnerability.";Critique;Palo Alto Networks;"PAN-OS; Cloud NGFW; Prisma Access";"10.2.0; "
[MaJ] Vulnerabilite dans Microsoft Outlook (15 fevrier 2024);Alerte;Thu, 15 Feb 2024 01:00:00 +0000;CVE-2024-21413;9.8;CWE-20;0.000530000;https://www.cert.ssi.gouv.fr/alerte/CERTFR-2024-ALE-005/;Microsoft Outlook Remote Code Execution Vulnerability;Critique;Microsoft;"Microsoft Office 2019; Microsoft 365 Apps for Enterprise; Microsoft Office LTSC 2021; Microsoft Office 2016";"19.0.0; 16.0.1; 16.0.0"
[MaJ] Vulnerabilite dans Fortinet FortiOS (09 fevrier 2024);Alerte;Fri, 09 Feb 2024 01:00:00 +0000;CVE-2024-21762;9.6;CWE-787;0.020710000;https://www.cert.ssi.gouv.fr/alerte/CERTFR-2024-ALE-004/;A out-of-bounds write in Fortinet FortiOS versions 7.4.0 through 7.4.2, 7.2.0 through 7.2.6, 7.0.0 through 7.0.13, 6.4.0 through 6.4.14, 6.2.0 through 6.2.15, 6.0.0 through 6.0.17, FortiProxy versions 7.4.0 through 7.4.2, 7.2.0 through 7.2.8, 7.0.0 through 7.0.14, 2.0.0 through 2.0.13, 1.2.0 through 1.2.13, 1.1.0 through 1.1.6, 1.0.0 through 1.0.7 allows attacker to execute unauthorized code or commands via specifically crafted requests;Critique;Fortinet;"FortiProxy; FortiOS";7.4.0
Multiples vulnerabilites dans les produits IBM (20 decembre 2024);Avis;Fri, 20 Dec 2024 13:01:32 +0000;CVE-2024-28849;6.5;CWE-200;0.000440000;https://www.cert.ssi.gouv.fr/avis/CERTFR-2024-AVI-1103/;follow-redirects is an open source, drop-in replacement for Node s `http` and `https` modules that automatically follows redirects. In affected versions follow-redirects only clears authorization header during cross-domain redirect, but keep the proxy-authentication header which contains credentials too. This vulnerability may lead to credentials leak, but has been addressed in version 1.15.6. Users are advised to upgrade. There are no known workarounds for this vulnerability.;Moyenne;follow-redirects;follow-redirects;< 1.15.6
Multiples vulnerabilites dans les produits Cisco (25 avril 2024);Alerte;Thu, 25 Apr 2024 02:00:00 +0000;CVE-2024-20353;8.6;CWE-835;0.001750000;https://www.cert.ssi.gouv.fr/alerte/CERTFR-2024-ALE-007/;"A vulnerability in the management and VPN web servers for Cisco Adaptive Security Appliance (ASA) Software and Cisco Firepower Threat Defense (FTD) Software could allow an unauthenticated, remote attacker to cause the device to reload unexpectedly, resulting in a denial of service (DoS) condition.
 This vulnerability is due to incomplete error checking when parsing an HTTP header. An attacker could exploit this vulnerability by sending a crafted HTTP request to a targeted web server on a device. A successful exploit could allow the attacker to cause a DoS condition when the device reloads.";Elevee;Cisco;"Cisco Adaptive Security Appliance (ASA) Software; Cisco Firepower Threat Defense Software";"9.8.1; 6.2.3"
[MaJ] Multiples Vulnerabilites dans GitLab (12 janvier 2024);Alerte;Fri, 12 Jan 2024 01:00:00 +0000;CVE-2024-0402;9.9;CWE-22;0.000820000;https://www.cert.ssi.gouv.fr/alerte/CERTFR-2024-ALE-002/;An issue has been discovered in GitLab CE/EE affecting all versions from 16.0 prior to 16.6.6, 16.7 prior to 16.7.4, and 16.8 prior to 16.8.1 which allows an authenticated user to write files to arbitrary locations on the GitLab server while creating a workspace.;Critique;GitLab;GitLab;16.0
[MaJ] Multiples Vulnerabilites dans GitLab (12 janvier 2024);Alerte;Fri, 12 Jan 2024 01:00:00 +0000;CVE-2023-7028;10;CWE-640;0.926200000;https://www.cert.ssi.gouv.fr/alerte/CERTFR-2024-ALE-002/;An issue has been discovered in GitLab CE/EE affecting all versions from 16.1 prior to 16.1.6, 16.2 prior to 16.2.9, 16.3 prior to 16.3.7, 16.4 prior to 16.4.5, 16.5 prior to 16.5.6, 16.6 prior to 16.6.4, and 16.7 prior to 16.7.2 in which user account password reset emails could be delivered to an unverified email address.;Critique;GitLab;GitLab;16.1
[MaJ] Multiples vulnerabilites dans Ivanti Connect Secure et Policy Secure Gateways (11 janvier 2024);Alerte;Thu, 11 Jan 2024 01:00:00 +0000;CVE-2024-21893;8.2;Non disponible;0.959810000;https://www.cert.ssi.gouv.fr/alerte/CERTFR-2024-ALE-001/;A server-side request forgery vulnerability in the SAML component of Ivanti Connect Secure (9.x, 22.x) and Ivanti Policy Secure (9.x, 22.x) and Ivanti Neurons for ZTA allows an attacker to access certain restricted resources without authentication.;Elevee;Ivanti;"ICS; IPS";9.1R18
[MaJ] Multiples vulnerabilites dans Ivanti Connect Secure et Policy Secure Gateways (11 janvier 2024);Alerte;Thu, 11 Jan 2024 01:00:00 +0000;CVE-2023-46805;8.2;Non disponible;0.964050000;https://www.cert.ssi.gouv.fr/alerte/CERTFR-2024-ALE-001/;An authentication bypass vulnerability in the web component of Ivanti ICS 9.x, 22.x and Ivanti Policy Secure allows a remote attacker to access restricted resources by bypassing control checks.;Elevee;Ivanti;"ICS; IPS";9.1R18
Vulnerabilite dans VMware Aria automation et Cloud Fondation (08 janvier 2025);Avis;Wed, 08 Jan 2025 08:25:49 +0000;CVE-2025-22215;4.3;Non disponible;0.000430000;https://www.cert.ssi.gouv.fr/avis/CERTFR-2025-AVI-0011/;"VMware Aria Automation contains a server-side request forgery (SSRF) vulnerability. A malicious actor with ""Organization Member"" access to Aria Automation may exploit this vulnerability enumerate internal services running on the host/network.";Moyenne;VMware;"VMware Aria Automation; VMware Cloud Foundation (VMware Aria Automation)";"8.x; 5.x"
[MaJ] Multiples vulnerabilites dans Ivanti Connect Secure et Policy Secure Gateways (11 janvier 2024);Alerte;Thu, 11 Jan 2024 01:00:00 +0000;CVE-2024-21887;9.1;Non disponible;0.971080000;https://www.cert.ssi.gouv.fr/alerte/CERTFR-2024-ALE-001/;A command injection vulnerability in web components of Ivanti Connect Secure (9.x, 22.x) and Ivanti Policy Secure (9.x, 22.x)  allows an authenticated administrator to send specially crafted requests and execute arbitrary commands on the appliance.;Critique;Ivanti;"ICS; IPS";9.1R18
[MaJ] Multiples vulnerabilites dans Ivanti Connect Secure et Policy Secure Gateways (11 janvier 2024);Alerte;Thu, 11 Jan 2024 01:00:00 +0000;CVE-2024-22024;8.3;Non disponible;0.016510000;https://www.cert.ssi.gouv.fr/alerte/CERTFR-2024-ALE-001/;An XML external entity or XXE vulnerability in the SAML component of Ivanti Connect Secure (9.x, 22.x), Ivanti Policy Secure (9.x, 22.x) and ZTA gateways which allows an attacker to access certain restricted resources without authentication.;Elevee;"Ivanti; Ivant ";"ICS; IPS";"9.1R14.5; 9.1R15.3; 9.1R18.4"
[MaJ] Multiples vulnerabilites dans Ivanti Connect Secure et Policy Secure Gateways (11 janvier 2024);Alerte;Thu, 11 Jan 2024 01:00:00 +0000;CVE-2024-21888;8.8;Non disponible;0.000580000;https://www.cert.ssi.gouv.fr/alerte/CERTFR-2024-ALE-001/;A privilege escalation vulnerability in web component of Ivanti Connect Secure (9.x, 22.x) and Ivanti Policy Secure (9.x, 22.x) allows a user to elevate privileges to that of an administrator. ;Elevee;Ivanti;"ICS; IPS";9.1R18
[MaJ] Vulnerabilite dans les produits Check Point  (30 mai 2024);Alerte;Thu, 30 May 2024 09:07:27 +0000;CVE-2024-24919;8.6;CWE-200;0.945430000;https://www.cert.ssi.gouv.fr/alerte/CERTFR-2024-ALE-008/;Potentially allowing an attacker to read certain information on Check Point Security Gateways once connected to the internet and enabled with remote Access VPN or Mobile Access Software Blades. A Security fix that mitigates this vulnerability is available.;Elevee;checkpoint;Check Point Quantum Gateway;Non disponible
Multiples vulnerabilites dans Microsoft Windows (16 septembre 2022);Alerte;Fri, 16 Sep 2022 02:00:00 +0000;CVE-2022-34718;9.8;Non disponible;0.004490000;https://www.cert.ssi.gouv.fr/alerte/CERTFR-2022-ALE-007/;Windows TCP/IP Remote Code Execution Vulnerability;Critique;Microsoft;"Windows 10 Version 1809; Windows Server 2019; Windows Server 2019 (Server Core installation); Windows 10 Version 21H1; Windows Server 2022; Windows 10 Version 20H2; Windows 11 version 21H2; Windows 10 Version 21H2; Windows 10 Version 1507; Windows 10 Version 1607; Windows Server 2016; Windows Server 2016 (Server Core installation); Windows 7; Windows 7 Service Pack 1; Windows 8.1; Windows Server 2008 Service Pack 2; Windows Server 2008 Service Pack 2 (Server Core installation); Windows Server 2008  Service Pack 2; Windows Server 2008 R2 Service Pack 1; Windows Server 2008 R2 Service Pack 1 (Server Core installation); Windows Server 2012; Windows Server 2012 (Server Core installation); Windows Server 2012 R2; Windows Server 2012 R2 (Server Core installation)";"10.0.17763.0; 10.0.0; 10.0.20348.0; 10.0.19043.0; 10.0.10240.0; 10.0.14393.0; 6.1.0; 6.3.0; 6.0.6003.0; 6.1.7601.0; 6.2.9200.0; 6.3.9600.0"
[MaJ] Multiples vulnerabilites dans Microsoft Exchange (30 septembre 2022);Alerte;Fri, 30 Sep 2022 02:00:00 +0000;CVE-2022-41082;8;Non disponible;0.066870000;https://www.cert.ssi.gouv.fr/alerte/CERTFR-2022-ALE-008/;Microsoft Exchange Server Remote Code Execution Vulnerability;Elevee;Microsoft;"Microsoft Exchange Server 2013 Cumulative Update 23; Microsoft Exchange Server 2016 Cumulative Update 22; Microsoft Exchange Server 2019 Cumulative Update 11; Microsoft Exchange Server 2019 Cumulative Update 12; Microsoft Exchange Server 2016 Cumulative Update 23";"15.00.0; 15.0.0; 15.02.0; 15.01.0"
[MaJ] Multiples vulnerabilites dans Microsoft Exchange (30 septembre 2022);Alerte;Fri, 30 Sep 2022 02:00:00 +0000;CVE-2022-41040;8.8;Non disponible;0.003780000;https://www.cert.ssi.gouv.fr/alerte/CERTFR-2022-ALE-008/;Microsoft Exchange Server Elevation of Privilege Vulnerability;Elevee;Microsoft;"Microsoft Exchange Server 2013 Cumulative Update 23; Microsoft Exchange Server 2016 Cumulative Update 22; Microsoft Exchange Server 2019 Cumulative Update 11; Microsoft Exchange Server 2019 Cumulative Update 12; Microsoft Exchange Server 2016 Cumulative Update 23";"15.00.0; 15.0.0; 15.02.0; 15.01.0"
[MaJ] Multiples vulnerabilites dans Ivanti Endpoint Manager Mobile (26 juillet 2023);Alerte;Wed, 26 Jul 2023 02:00:00 +0000;CVE-2023-35082;10;Non disponible;0.960390000;https://www.cert.ssi.gouv.fr/alerte/CERTFR-2023-ALE-009/;An authentication bypass vulnerability in Ivanti EPMM 11.10 and older, allows unauthorized users to access restricted functionality or resources of the application without proper authentication. This vulnerability is unique to CVE-2023-35078 announced earlier.;Critique;Ivanti;EPMM;11.10
[MaJ] Multiples vulnerabilites dans Ivanti Endpoint Manager Mobile (26 juillet 2023);Alerte;Wed, 26 Jul 2023 02:00:00 +0000;CVE-2023-35081;7.2;Non disponible;0.808220000;https://www.cert.ssi.gouv.fr/alerte/CERTFR-2023-ALE-009/;A path traversal vulnerability in Ivanti EPMM versions (11.10.x < 11.10.0.3,  11.9.x < 11.9.1.2 and 11.8.x < 11.8.1.2) allows an authenticated administrator to write arbitrary files onto the appliance.;Elevee;Ivanti;EPMM;11.10.0.3
[MaJ] Vulnerabilite dans Citrix ADC et Gateway (13 decembre 2022);Alerte;Tue, 13 Dec 2022 01:00:00 +0000;CVE-2022-27518;9.8;CWE-664;0.190320000;https://www.cert.ssi.gouv.fr/alerte/CERTFR-2022-ALE-013/;"Unauthenticated remote arbitrary code execution
";Critique;Citrix;Citrix Gateway;Non disponible
[MaJ] Multiples vulnerabilites dans Ivanti Endpoint Manager Mobile (26 juillet 2023);Alerte;Wed, 26 Jul 2023 02:00:00 +0000;CVE-2023-35078;10;Non disponible;0.969220000;https://www.cert.ssi.gouv.fr/alerte/CERTFR-2023-ALE-009/;An authentication bypass vulnerability in Ivanti EPMM allows unauthorized users to access restricted functionality or resources of the application without proper authentication.;Critique;Ivanti;Endpoint Manager Mobile;
Multiples vulnerabilites dans Microsoft Windows (16 septembre 2022);Alerte;Fri, 16 Sep 2022 02:00:00 +0000;CVE-2022-34721;9.8;Non disponible;0.003850000;https://www.cert.ssi.gouv.fr/alerte/CERTFR-2022-ALE-007/;Windows Internet Key Exchange (IKE) Protocol Extensions Remote Code Execution Vulnerability;Critique;Microsoft;"Windows 10 Version 1809; Windows Server 2019; Windows Server 2019 (Server Core installation); Windows 10 Version 21H1; Windows Server 2022; Windows 10 Version 20H2; Windows 11 version 21H2; Windows 10 Version 21H2; Windows 10 Version 1507; Windows 10 Version 1607; Windows Server 2016; Windows Server 2016 (Server Core installation); Windows 7; Windows 7 Service Pack 1; Windows 8.1; Windows Server 2008 Service Pack 2; Windows Server 2008 Service Pack 2 (Server Core installation); Windows Server 2008  Service Pack 2; Windows Server 2008 R2 Service Pack 1; Windows Server 2008 R2 Service Pack 1 (Server Core installation); Windows Server 2012; Windows Server 2012 (Server Core installation); Windows Server 2012 R2; Windows Server 2012 R2 (Server Core installation)";"10.0.17763.0; 10.0.0; 10.0.20348.0; 10.0.19043.0; 10.0.10240.0; 10.0.14393.0; 6.1.0; 6.3.0; 6.0.6003.0; 6.1.7601.0; 6.2.9200.0; 6.3.9600.0"
Multiples vulnerabilites dans Microsoft Windows (16 septembre 2022);Alerte;Fri, 16 Sep 2022 02:00:00 +0000;CVE-2022-34722;9.8;Non disponible;0.003850000;https://www.cert.ssi.gouv.fr/alerte/CERTFR-2022-ALE-007/;Windows Internet Key Exchange (IKE) Protocol Extensions Remote Code Execution Vulnerability;Critique;Microsoft;"Windows 10 Version 1809; Windows Server 2019; Windows Server 2019 (Server Core installation); Windows 10 Version 21H1; Windows Server 2022; Windows 10 Version 20H2; Windows 11 version 21H2; Windows 10 Version 21H2; Windows 10 Version 1507; Windows 10 Version 1607; Windows Server 2016; Windows Server 2016 (Server Core installation); Windows 7; Windows 7 Service Pack 1; Windows 8.1; Windows Server 2008 Service Pack 2; Windows Server 2008 Service Pack 2 (Server Core installation); Windows Server 2008  Service Pack 2; Windows Server 2008 R2 Service Pack 1; Windows Server 2008 R2 Service Pack 1 (Server Core installation); Windows Server 2012; Windows Server 2012 (Server Core installation); Windows Server 2012 R2; Windows Server 2012 R2 (Server Core installation)";"10.0.17763.0; 10.0.0; 10.0.20348.0; 10.0.19043.0; 10.0.10240.0; 10.0.14393.0; 6.1.0; 6.3.0; 6.0.6003.0; 6.1.7601.0; 6.2.9200.0; 6.3.9600.0"
Vulnerabilite dans les produits HPE Aruba Networking (09 janvier 2025);Avis;Thu, 09 Jan 2025 09:32:48 +0000;CVE-2024-54010;3.4;Non disponible;0.000430000;https://www.cert.ssi.gouv.fr/avis/CERTFR-2025-AVI-0017/;A vulnerability in the firewall component of HPE Aruba Networking CX 10000 Series Switches  exists. It could allow an unauthenticated adjacent attacker to conduct a packet  forwarding attack against the ICMP and UDP protocol. For this attack to be successful an attacker requires a switch configuration that allows packets routing (at layer 3). Configurations that do not allow network traffic routing are not impacted. Successful exploitation could allow an attacker to bypass security policies, potentially leading to unauthorized data exposure.;Faible;Hewlett Packard Enterprise (HPE);AOS-CX;Version 10.10.0000: 10.10.1140 and below
Multiples vulnerabilites dans les produits IBM (03 janvier 2025);Avis;Fri, 03 Jan 2025 13:12:48 +0000;CVE-2023-40372;5.3;CWE-20;0.002390000;https://www.cert.ssi.gouv.fr/avis/CERTFR-2025-AVI-0003/;IBM Db2 for Linux, UNIX and Windows (includes Db2 Connect Server) 11.5 is vulnerable to denial of service with a specially crafted SQL statement using External Tables.  IBM X-Force ID:  263499.;Moyenne;IBM;Db2 for Linux;Non disponible
Multiples vulnerabilites dans les produits IBM (03 janvier 2025);Avis;Fri, 03 Jan 2025 13:12:48 +0000;CVE-2024-20918;7.4;Non disponible;0.000450000;https://www.cert.ssi.gouv.fr/avis/CERTFR-2025-AVI-0003/;"Vulnerability in the Oracle Java SE, Oracle GraalVM for JDK, Oracle GraalVM Enterprise Edition product of Oracle Java SE (component: Hotspot).  Supported versions that are affected are Oracle Java SE: 8u391, 8u391-perf, 11.0.21, 17.0.9, 21.0.1; Oracle GraalVM for JDK: 17.0.9, 21.0.1; Oracle GraalVM Enterprise Edition: 20.3.12, 21.3.8 and  22.3.4. Difficult to exploit vulnerability allows unauthenticated attacker with network access via multiple protocols to compromise Oracle Java SE, Oracle GraalVM for JDK, Oracle GraalVM Enterprise Edition.  Successful attacks of this vulnerability can result in  unauthorized creation, deletion or modification access to critical data or all Oracle Java SE, Oracle GraalVM for JDK, Oracle GraalVM Enterprise Edition accessible data as well as  unauthorized access to critical data or complete access to all Oracle Java SE, Oracle GraalVM for JDK, Oracle GraalVM Enterprise Edition accessible data. Note: This vulnerability can be exploited by using APIs in the specified Component, e.g., through a web service which supplies data to the APIs. This vulnerability also applies to Java deployments, typically in clients running sandboxed Java Web Start applications or sandboxed Java applets, that load and run untrusted code (e.g., code that comes from the internet) and rely on the Java sandbox for security. CVSS 3.1 Base Score 7.4 (Confidentiality and Integrity impacts).  CVSS Vector: (CVSS:3.1/AV:N/AC:H/PR:N/UI:N/S:U/C:H/I:H/A:N).";Elevee;Oracle Corporation;Java SE JDK and JRE;Oracle Java SE:8u391
Multiples vulnerabilites dans les produits IBM (03 janvier 2025);Avis;Fri, 03 Jan 2025 13:12:48 +0000;CVE-2023-21954;5.9;Non disponible;0.000490000;https://www.cert.ssi.gouv.fr/avis/CERTFR-2025-AVI-0003/;"Vulnerability in the Oracle Java SE, Oracle GraalVM Enterprise Edition product of Oracle Java SE (component: Hotspot).  Supported versions that are affected are Oracle Java SE: 8u361, 8u361-perf, 11.0.18, 17.0.6; Oracle GraalVM Enterprise Edition: 20.3.9, 21.3.5 and  22.3.1. Difficult to exploit vulnerability allows unauthenticated attacker with network access via multiple protocols to compromise Oracle Java SE, Oracle GraalVM Enterprise Edition.  Successful attacks of this vulnerability can result in  unauthorized access to critical data or complete access to all Oracle Java SE, Oracle GraalVM Enterprise Edition accessible data. Note: This vulnerability applies to Java deployments, typically in clients running sandboxed Java Web Start applications or sandboxed Java applets, that load and run untrusted code (e.g., code that comes from the internet) and rely on the Java sandbox for security. This vulnerability can also be exploited by using APIs in the specified Component, e.g., through a web service which supplies data to the APIs. CVSS 3.1 Base Score 5.9 (Confidentiality impacts).  CVSS Vector: (CVSS:3.1/AV:N/AC:H/PR:N/UI:N/S:U/C:H/I:N/A:N).";Moyenne;Oracle Corporation;Java SE JDK and JRE;Oracle Java SE:8u361
Vulnerabilite dans Trend Micro Deep Security Agent (19 decembre 2024);Avis;Thu, 19 Dec 2024 12:35:35 +0000;CVE-2024-55955;6.7;CWE-427;0.000430000;https://www.cert.ssi.gouv.fr/avis/CERTFR-2024-AVI-1097/;"An incorrect permissions assignment vulnerability in Trend Micro Deep Security 20.0 agents between versions 20.0.1-9400 and 20.0.1-23340 could allow a local attacker to escalate privileges on affected installations.

Please note: an attacker must first obtain the ability to execute low-privileged code on the target system in order to exploit this vulnerability.";Moyenne;Trend Micro;Non disponible;Trend Micro Deep Security
Multiples vulnerabilites dans Google Android (03 janvier 2025);Avis;Fri, 03 Jan 2025 08:00:00 +0000;CVE-2024-21464;8.4;CWE-120;0.000430000;https://www.cert.ssi.gouv.fr/avis/CERTFR-2025-AVI-0004/;Memory corruption while processing IPA statistics, when there are no active clients registered.;Elevee;Qualcomm;Non disponible;Snapdragon
Multiples vulnerabilites dans les produits IBM (20 decembre 2024);Avis;Fri, 20 Dec 2024 13:01:32 +0000;CVE-2024-37372;3.6;Non disponible;0.000440000;https://www.cert.ssi.gouv.fr/avis/CERTFR-2024-AVI-1103/;The Permission Model assumes that any path starting with two backslashes \ has a four-character prefix that can be ignored, which is not always true. This subtle bug leads to vulnerable edge cases.;Faible;nodejs;node;20.15.0
Multiples vulnerabilites dans Tenable Security Center (23 decembre 2024);Avis;Mon, 23 Dec 2024 07:18:31 +0000;CVE-2024-5458;5.3;Non disponible;0.000760000;https://www.cert.ssi.gouv.fr/avis/CERTFR-2024-AVI-1105/;In PHP versions 8.1.* before 8.1.29, 8.2.* before 8.2.20, 8.3.* before 8.3.8, due to a code logic error, filtering functions such as filter_var when validating URLs (FILTER_VALIDATE_URL) for certain types of URLs the function will result in invalid user information (username + password part of URLs) being treated as valid user information. This may lead to the downstream code accepting invalid URLs as valid and parsing them incorrectly.;Moyenne;PHP Group;PHP;8.1.*
Multiples vulnerabilites dans HPE Aruba Networking 501 Wireless Client Bridge (08 janvier 2025);Avis;Wed, 08 Jan 2025 08:03:12 +0000;CVE-2024-54007;7.2;Non disponible;0.000430000;https://www.cert.ssi.gouv.fr/avis/CERTFR-2025-AVI-0007/;Multiple command injection vulnerabilities exist in the web interface of the 501 Wireless Client Bridge which could lead to authenticated remote command execution. Successful exploitation of these vulnerabilities result in the ability of an attacker to execute arbitrary commands as a privileged user on the underlying operating system. Exploitation requires administrative authentication credentials on the host system.;Elevee;Hewlett Packard Enterprise (HPE);HPE Aruba Networking 501 Wireless Client Bridge;V2.0.0.0
Multiples vulnerabilites dans HPE Aruba Networking 501 Wireless Client Bridge (08 janvier 2025);Avis;Wed, 08 Jan 2025 08:03:12 +0000;CVE-2024-54006;7.2;Non disponible;0.000430000;https://www.cert.ssi.gouv.fr/avis/CERTFR-2025-AVI-0007/;Multiple command injection vulnerabilities exist in the web interface of the 501 Wireless Client Bridge which could lead to authenticated remote command execution. Successful exploitation of these vulnerabilities result in the ability of an attacker to execute arbitrary commands as a privileged user on the underlying operating system. Exploitation requires administrative authentication credentials on the host system.;Elevee;Hewlett Packard Enterprise (HPE);HPE Aruba Networking 501 Wireless Client Bridge;V2.0.0.0
Multiples vulnerabilites dans Joomla! (08 janvier 2025);Avis;Wed, 08 Jan 2025 08:05:59 +0000;CVE-2024-40748;Non disponible;CWE-79;0.000430000;https://www.cert.ssi.gouv.fr/avis/CERTFR-2025-AVI-0008/;Lack of output escaping in the id attribute of menu lists.;Non disponible;Joomla! Project;Joomla! CMS;3.0.0-3.10.19
[MaJ] Vulnerabilite dans Zimbra Collaboration (07 octobre 2022);Alerte;Fri, 07 Oct 2022 02:00:00 +0000;CVE-2022-37393;Non disponible;CWE-284;0.002030000;https://www.cert.ssi.gouv.fr/alerte/CERTFR-2022-ALE-009/;Zimbra s sudo configuration permits the zimbra user to execute the zmslapd binary as root with arbitrary parameters. As part of its intended functionality, zmslapd can load a user-defined configuration file, which includes plugins in the form of .so files, which also execute as root.;Non disponible;Synacor;Zimbra Server;9.0.0.p27
Vulnerabilite dans les produits Fortinet (14 octobre 2022);Alerte;Fri, 14 Oct 2022 02:00:00 +0000;CVE-2022-40684;9.8;Non disponible;0.972800000;https://www.cert.ssi.gouv.fr/alerte/CERTFR-2022-ALE-011/;An authentication bypass using an alternate path or channel [CWE-288] in Fortinet FortiOS version 7.2.0 through 7.2.1 and 7.0.0 through 7.0.6, FortiProxy version 7.2.0 and version 7.0.0 through 7.0.6 and FortiSwitchManager version 7.2.0 and 7.0.0 allows an unauthenticated atttacker to perform operations on the administrative interface via specially crafted HTTP or HTTPS requests.;Critique;Fortinet;Fortinet FortiOS;Non disponible
Multiples vulnerabilites dans les produits Moxa (03 janvier 2025);Avis;Fri, 03 Jan 2025 12:40:17 +0000;CVE-2024-9140;Non disponible;CWE-78;0.000430000;https://www.cert.ssi.gouv.fr/avis/CERTFR-2025-AVI-0001/;Moxa’s cellular routers, secure routers, and network security appliances are affected by a critical vulnerability, CVE-2024-9140. This vulnerability allows OS command injection due to improperly restricted commands, potentially enabling attackers to execute arbitrary code. This poses a significant risk to the system’s security and functionality.;Non disponible;Moxa;"EDR-8010 Series; EDR-G9004 Series; EDR-G9010 Series; EDF-G1002-BP Series; NAT-102 Series; OnCell G4302-LTE4 Series; TN-4900 Series";1.0
Multiples vulnerabilites dans les produits Moxa (03 janvier 2025);Avis;Fri, 03 Jan 2025 12:40:17 +0000;CVE-2024-9138;Non disponible;CWE-656;0.000430000;https://www.cert.ssi.gouv.fr/avis/CERTFR-2025-AVI-0001/;Moxa’s cellular routers, secure routers, and network security appliances are affected by a high-severity vulnerability, CVE-2024-9138. This vulnerability involves hard-coded credentials, enabling an authenticated user to escalate privileges and gain root-level access to the system, posing a significant security risk.;Non disponible;Moxa;"EDR-810 Series; EDR-8010 Series; EDR-G902 Series; EDR-G903 Series; EDR-G9004 Series; EDR-G9010 Series; EDF-G1002-BP Series; NAT-102 Series; OnCell G4302-LTE4 Series; TN-4900 Series";1.0
Multiples vulnerabilites dans le greffon Security QRadar Log Management AQL de IBM (27 decembre 2024);Avis;Fri, 27 Dec 2024 12:49:58 +0000;CVE-2024-8986;Non disponible;CWE-522;0.000430000;https://www.cert.ssi.gouv.fr/avis/CERTFR-2024-AVI-1110/;"The grafana plugin SDK bundles build metadata into the binaries it compiles; this metadata includes the repository URI for the plugin being built, as retrieved by running `git remote get-url origin`.
 
If credentials are included in the repository URI (for instance, to allow for fetching of private dependencies), the final binary will contain the full URI, including said credentials.";Non disponible;grafana-plugin-sdk-go;Grafana Plugin SDK;0.106.0
Vulnerabilite dans les produits Palo Alto Networks (27 decembre 2024);Avis;Fri, 27 Dec 2024 07:01:28 +0000;CVE-2024-3393;Non disponible;CWE-754;0.027340000;https://www.cert.ssi.gouv.fr/avis/CERTFR-2024-AVI-1107/;A Denial of Service vulnerability in the DNS Security feature of Palo Alto Networks PAN-OS software allows an unauthenticated attacker to send a malicious packet through the data plane of the firewall that reboots the firewall. Repeated attempts to trigger this condition will cause the firewall to enter maintenance mode.;Non disponible;Palo Alto Networks;"Cloud NGFW; PAN-OS";"; 11.2.0"
Multiples vulnerabilites dans Tenable Security Center (23 decembre 2024);Avis;Mon, 23 Dec 2024 07:18:31 +0000;CVE-2024-5535;Non disponible;CWE-200;0.000440000;https://www.cert.ssi.gouv.fr/avis/CERTFR-2024-AVI-1105/;"Issue summary: Calling the OpenSSL API function SSL_select_next_proto with an
empty supported client protocols buffer may cause a crash or memory contents to
be sent to the peer.

Impact summary: A buffer overread can have a range of potential consequences
such as unexpected application beahviour or a crash. In particular this issue
could result in up to 255 bytes of arbitrary private data from memory being sent
to the peer leading to a loss of confidentiality. However, only applications
that directly call the SSL_select_next_proto function with a 0 length list of
supported client protocols are affected by this issue. This would normally never
be a valid scenario and is typically not under attacker control but may occur by
accident in the case of a configuration or programming error in the calling
application.

The OpenSSL API function SSL_select_next_proto is typically used by TLS
applications that support ALPN (Application Layer Protocol Negotiation) or NPN
(Next Protocol Negotiation). NPN is older, was never standardised and
is deprecated in favour of ALPN. We believe that ALPN is significantly more
widely deployed than NPN. The SSL_select_next_proto function accepts a list of
protocols from the server and a list of protocols from the client and returns
the first protocol that appears in the server list that also appears in the
client list. In the case of no overlap between the two lists it returns the
first item in the client list. In either case it will signal whether an overlap
between the two lists was found. In the case where SSL_select_next_proto is
called with a zero length client list it fails to notice this condition and
returns the memory immediately following the client list pointer (and reports
that there was no overlap in the lists).

This function is typically called from a server side application callback for
ALPN or a client side application callback for NPN. In the case of ALPN the list
of protocols supplied by the client is guaranteed by libssl to never be zero in
length. The list of server protocols comes from the application and should never
normally be expected to be of zero length. In this case if the
SSL_select_next_proto function has been called as expected (with the list
supplied by the client passed in the client/client_len parameters), then the
application will not be vulnerable to this issue. If the application has
accidentally been configured with a zero length server list, and has
accidentally passed that zero length server list in the client/client_len
parameters, and has additionally failed to correctly handle a ""no overlap""
response (which would normally result in a handshake failure in ALPN) then it
will be vulnerable to this problem.

In the case of NPN, the protocol permits the client to opportunistically select
a protocol when there is no overlap. OpenSSL returns the first client protocol
in the no overlap case in support of this. The list of client protocols comes
from the application and should never normally be expected to be of zero length.
However if the SSL_select_next_proto function is accidentally called with a
client_len of 0 then an invalid memory pointer will be returned instead. If the
application uses this output as the opportunistic protocol then the loss of
confidentiality will occur.

This issue has been assessed as Low severity because applications are most
likely to be vulnerable if they are using NPN instead of ALPN - but NPN is not
widely used. It also requires an application configuration or programming error.
Finally, this issue would not typically be under attacker control making active
exploitation unlikely.

The FIPS modules in 3.3, 3.2, 3.1 and 3.0 are not affected by this issue.

Due to the low severity of this issue we are not issuing new releases of
OpenSSL at this time. The fix will be included in the next releases when they
become available.";Non disponible;OpenSSL;OpenSSL;3.3.0
Vulnerabilite dans VMware Spring Cloud Gateway (03 mars 2022);Alerte;Thu, 03 Mar 2022 01:00:00 +0000;CVE-2022-22947;Non disponible;CWE-94;0.974600000;https://www.cert.ssi.gouv.fr/alerte/CERTFR-2022-ALE-002/;In spring cloud gateway versions prior to 3.1.1+ and 3.0.7+ , applications are vulnerable to a code injection attack when the Gateway Actuator endpoint is enabled, exposed and unsecured. A remote attacker could make a maliciously crafted request that could allow arbitrary remote execution on the remote host.;Non disponible;n/a;Spring Cloud Gateway;Spring cloud gateway versions 3.1.x prior to 3.1.1+
Vulnerabilite dans Apache Struts 2 (13 decembre 2023);Alerte;Wed, 13 Dec 2023 01:00:00 +0000;CVE-2023-50164;Non disponible;CWE-552;0.514520000;https://www.cert.ssi.gouv.fr/alerte/CERTFR-2023-ALE-013/;"An attacker can manipulate file upload params to enable paths traversal and under some circumstances this can lead to uploading a malicious file which can be used to perform Remote Code Execution.
Users are recommended to upgrade to versions Struts 2.5.33 or Struts 6.3.0.2 or greater to fix this issue.
";Non disponible;Apache Software Foundation;Apache Struts;2.0.0
Vulnerabilite dans OpenSSH (01 juillet 2024);Alerte;Mon, 01 Jul 2024 12:56:56 +0000;CVE-2024-6387;Non disponible;CWE-364;0.003190000;https://www.cert.ssi.gouv.fr/alerte/CERTFR-2024-ALE-009/;A security regression (CVE-2006-5051) was discovered in OpenSSH s server (sshd). There is a race condition which can lead sshd to handle some signals in an unsafe manner. An unauthenticated, remote attacker may be able to trigger it by failing to authenticate within a set time period.;Non disponible;"Non disponible; Red Hat";"Non disponible; Red Hat Enterprise Linux 9; Red Hat Enterprise Linux 9.0 Update Services for SAP Solutions; Red Hat Enterprise Linux 9.2 Extended Update Support; Red Hat OpenShift Container Platform 4.13; Red Hat OpenShift Container Platform 4.14; Red Hat OpenShift Container Platform 4.15; Red Hat OpenShift Container Platform 4.16; Red Hat Ceph Storage 5; Red Hat Ceph Storage 6; Red Hat Ceph Storage 7; Red Hat Enterprise Linux 6; Red Hat Enterprise Linux 7; Red Hat Enterprise Linux 8";"8.5p1; "
Vulnerabilite dans SonicWall (10 septembre 2024);Alerte;Tue, 10 Sep 2024 12:22:00 +0000;CVE-2024-40766;Non disponible;CWE-284;0.008190000;https://www.cert.ssi.gouv.fr/alerte/CERTFR-2024-ALE-011/;An improper access control vulnerability has been identified in the SonicWall SonicOS management access, potentially leading to unauthorized resource access and in specific conditions, causing the firewall to crash. This issue affects SonicWall Firewall Gen 5 and Gen 6 devices, as well as Gen 7 devices running SonicOS 7.0.1-5035 and older versions.;Non disponible;SonicWall;SonicOS;5.9.2.14-12o and older versions
Multiples vulnerabilites dans Microsoft Edge (20 decembre 2024);Avis;Fri, 20 Dec 2024 09:20:22 +0000;CVE-2024-12695;Non disponible;CWE-787;0.000430000;https://www.cert.ssi.gouv.fr/avis/CERTFR-2024-AVI-1098/;Out of bounds write in V8 in Google Chrome prior to 131.0.6778.204 allowed a remote attacker to execute arbitrary code inside a sandbox via a crafted HTML page. (Chromium security severity: High);Non disponible;Google;Chrome;131.0.6778.204
Multiples vulnerabilites dans Microsoft Edge (20 decembre 2024);Avis;Fri, 20 Dec 2024 09:20:22 +0000;CVE-2024-12694;Non disponible;CWE-416;0.000430000;https://www.cert.ssi.gouv.fr/avis/CERTFR-2024-AVI-1098/;Use after free in Compositing in Google Chrome prior to 131.0.6778.204 allowed a remote attacker to potentially exploit heap corruption via a crafted HTML page. (Chromium security severity: High);Non disponible;Google;Chrome;131.0.6778.204
Multiples vulnerabilites dans Microsoft Edge (20 decembre 2024);Avis;Fri, 20 Dec 2024 09:20:22 +0000;CVE-2024-12692;Non disponible;CWE-843;0.000430000;https://www.cert.ssi.gouv.fr/avis/CERTFR-2024-AVI-1098/;Type Confusion in V8 in Google Chrome prior to 131.0.6778.204 allowed a remote attacker to potentially exploit heap corruption via a crafted HTML page. (Chromium security severity: High);Non disponible;Google;Chrome;131.0.6778.204
Multiples vulnerabilites dans Apache Tomcat (18 decembre 2024);Avis;Wed, 18 Dec 2024 10:00:41 +0000;CVE-2024-50379;Non disponible;CWE-367;0.000430000;https://www.cert.ssi.gouv.fr/avis/CERTFR-2024-AVI-1091/;"Time-of-check Time-of-use (TOCTOU) Race Condition vulnerability during JSP compilation in Apache Tomcat permits an RCE on case insensitive file systems when the default servlet is enabled for write (non-default configuration).

This issue affects Apache Tomcat: from 11.0.0-M1 through 11.0.1, from 10.1.0-M1 through 10.1.33, from 9.0.0.M1 through 9.0.97.

Users are recommended to upgrade to version 11.0.2, 10.1.34 or 9.0.98, which fixes the issue.";Non disponible;Apache Software Foundation;Apache Tomcat;11.0.0-M1
Multiples vulnerabilites dans Apache Tomcat (18 decembre 2024);Avis;Wed, 18 Dec 2024 10:00:41 +0000;CVE-2024-56337;Non disponible;CWE-367;0.000430000;https://www.cert.ssi.gouv.fr/avis/CERTFR-2024-AVI-1091/;"Time-of-check Time-of-use (TOCTOU) Race Condition vulnerability in Apache Tomcat.

This issue affects Apache Tomcat: from 11.0.0-M1 through 11.0.1, from 10.1.0-M1 through 10.1.33, from 9.0.0.M1 through 9.0.97.

The mitigation for CVE-2024-50379 was incomplete.

Users running Tomcat on a case insensitive file system with the default servlet write enabled (readonly initialisation 
parameter set to the non-default value of false) may need additional configuration to fully mitigate CVE-2024-50379 depending on which version of Java they are using with Tomcat:
- running on Java 8 or Java 11: the system property sun.io.useCanonCaches must be explicitly set to false (it defaults to true)
- running on Java 17: the system property sun.io.useCanonCaches, if set, must be set to false (it defaults to false)
- running on Java 21 onwards: no further configuration is required (the system property and the problematic cache have been removed)

Tomcat 11.0.3, 10.1.35 and 9.0.99 onwards will include checks that sun.io.useCanonCaches is set appropriately before allowing the default servlet to be write enabled on a case insensitive file system. Tomcat will also set sun.io.useCanonCaches to false by default where it can.";Non disponible;Apache Software Foundation;Apache Tomcat;11.0.0-M1
[MaJ] Multiples vulnerabilites sur l interface d administration des equipements Palo Alto Networks (15 novembre 2024);Alerte;Fri, 15 Nov 2024 10:12:30 +0000;CVE-2024-9474;Non disponible;CWE-78;0.974900000;https://www.cert.ssi.gouv.fr/alerte/CERTFR-2024-ALE-015/;"A privilege escalation vulnerability in Palo Alto Networks PAN-OS software allows a PAN-OS administrator with access to the management web interface to perform actions on the firewall with root privileges.

Cloud NGFW and Prisma Access are not impacted by this vulnerability.";Non disponible;Palo Alto Networks;"Cloud NGFW; PAN-OS; Prisma Access";"; 11.2.0"
[MaJ] Multiples vulnerabilites sur l interface d administration des equipements Palo Alto Networks (15 novembre 2024);Alerte;Fri, 15 Nov 2024 10:12:30 +0000;CVE-2024-0012;Non disponible;CWE-306;0.970420000;https://www.cert.ssi.gouv.fr/alerte/CERTFR-2024-ALE-015/;"An authentication bypass in Palo Alto Networks PAN-OS software enables an unauthenticated attacker with network access to the management web interface to gain PAN-OS administrator privileges to perform administrative actions, tamper with the configuration, or exploit other authenticated privilege escalation vulnerabilities like  CVE-2024-9474 https://security.paloaltonetworks.com/CVE-2024-9474 .

The risk of this issue is greatly reduced if you secure access to the management web interface by restricting access to only trusted internal IP addresses according to our recommended  best practice deployment guidelines https://live.paloaltonetworks.com/t5/community-blogs/tips-amp-tricks-how-to-secure-the-management-access-of-your-palo/ba-p/464431 .

This issue is applicable only to PAN-OS 10.2, PAN-OS 11.0, PAN-OS 11.1, and PAN-OS 11.2 software.

Cloud NGFW and Prisma Access are not impacted by this vulnerability.";Non disponible;Palo Alto Networks;"Cloud NGFW; PAN-OS; Prisma Access";"; 11.2.0"
Multiples vulnerabilites dans Tenable Security Center (23 decembre 2024);Avis;Mon, 23 Dec 2024 07:18:31 +0000;CVE-2024-6119;Non disponible;CWE-843;0.000450000;https://www.cert.ssi.gouv.fr/avis/CERTFR-2024-AVI-1105/;"Issue summary: Applications performing certificate name checks (e.g., TLS
clients checking server certificates) may attempt to read an invalid memory
address resulting in abnormal termination of the application process.

Impact summary: Abnormal termination of an application can a cause a denial of
service.

Applications performing certificate name checks (e.g., TLS clients checking
server certificates) may attempt to read an invalid memory address when
comparing the expected name with an `otherName` subject alternative name of an
X.509 certificate. This may result in an exception that terminates the
application program.

Note that basic certificate chain validation (signatures, dates, ...) is not
affected, the denial of service can occur only when the application also
specifies an expected DNS name, Email address or IP address.

TLS servers rarely solicit client certificates, and even when they do, they
generally don t perform a name check against a reference identifier (expected
identity), but rather extract the presented identity after checking the
certificate chain.  So TLS servers are generally not affected and the severity
of the issue is Moderate.

The FIPS modules in 3.3, 3.2, 3.1 and 3.0 are not affected by this issue.";Non disponible;OpenSSL;OpenSSL;3.3.0
Multiples vulnerabilites dans les produits Juniper Networks (09 janvier 2025);Avis;Thu, 09 Jan 2025 09:47:38 +0000;CVE-2023-3255;Non disponible;CWE-835;0.001490000;https://www.cert.ssi.gouv.fr/avis/CERTFR-2025-AVI-0018/;A flaw was found in the QEMU built-in VNC server while processing ClientCutText messages. A wrong exit condition may lead to an infinite loop when inflating an attacker controlled zlib buffer in the `inflate_buffer` function. This could allow a remote authenticated client who is able to send a clipboard to the VNC server to trigger a denial of service.;Non disponible;Red Hat;"Red Hat Enterprise Linux 8; Red Hat Enterprise Linux 9; Red Hat Enterprise Linux 6; Red Hat Enterprise Linux 7; Red Hat Enterprise Linux 8 Advanced Virtualization";
Multiples vulnerabilites dans Apache Tomcat (18 decembre 2024);Avis;Wed, 18 Dec 2024 10:00:41 +0000;CVE-2024-54677;Non disponible;CWE-400;0.000430000;https://www.cert.ssi.gouv.fr/avis/CERTFR-2024-AVI-1091/;"Uncontrolled Resource Consumption vulnerability in the examples web application provided with Apache Tomcat leads to denial of service.

This issue affects Apache Tomcat: from 11.0.0-M1 through 11.0.1, from 10.1.0-M1 through 10.1.33, from 9.0.0.M1 through 9.9.97.

Users are recommended to upgrade to version 11.0.2, 10.1.34 or 9.0.98, which fixes the issue.";Non disponible;Apache Software Foundation;Apache Tomcat;11.0.0-M1
Multiples vulnerabilites dans LibreOffice (08 janvier 2025);Avis;Wed, 08 Jan 2025 07:59:36 +0000;CVE-2024-12426;Non disponible;CWE-200;0.000430000;https://www.cert.ssi.gouv.fr/avis/CERTFR-2025-AVI-0006/;"Exposure of Environmental Variables and arbitrary INI file values to an Unauthorized Actor vulnerability in The Document Foundation LibreOffice.




URLs could be constructed which expanded environmental variables or INI file values, so potentially sensitive information could be exfiltrated to a remote server on opening a document containing such links.


This issue affects LibreOffice: from 24.8 before < 24.8.4.";Non disponible;The Document Foundation;LibreOffice;24.8
Multiples vulnerabilites dans les produits Palo Alto Networks (09 janvier 2025);Avis;Thu, 09 Jan 2025 09:21:11 +0000;CVE-2025-0107;Non disponible;CWE-78;0.000430000;https://www.cert.ssi.gouv.fr/avis/CERTFR-2025-AVI-0016/;An OS command injection vulnerability in Palo Alto Networks Expedition enables an authenticated attacker to run arbitrary OS commands as the www-data user in Expedition, which results in the disclosure of usernames, cleartext passwords, device configurations, and device API keys for firewalls running PAN-OS software.;Non disponible;Palo Alto Networks;"Cloud NGFW; Expedition; Panorama; PAN-OS; Prisma Access";"; 1"
Multiples vulnerabilites dans les produits SonicWall (08 janvier 2025);Avis;Wed, 08 Jan 2025 08:31:07 +0000;CVE-2024-53706;Non disponible;CWE-269;0.000430000;https://www.cert.ssi.gouv.fr/avis/CERTFR-2025-AVI-0013/;A vulnerability in the Gen7 SonicOS Cloud platform NSv, allows a remote authenticated local low-privileged attacker to elevate privileges to `root` and potentially lead to code execution.;Non disponible;SonicWall;SonicOS;7.1.1-7058 and older versions
Multiples vulnerabilites dans les produits SonicWall (08 janvier 2025);Avis;Wed, 08 Jan 2025 08:31:07 +0000;CVE-2024-40765;Non disponible;CWE-190;0.000430000;https://www.cert.ssi.gouv.fr/avis/CERTFR-2025-AVI-0013/;An Integer-based buffer overflow vulnerability in the SonicOS via IPSec allows a remote attacker in specific conditions to cause Denial of Service (DoS) and potentially execute arbitrary code by sending a specially crafted IKEv2 payload.;Non disponible;SonicWall;SonicOS;6.5.4.4-44v-21-2395 and older versions
Multiples vulnerabilites dans Joomla! (08 janvier 2025);Avis;Wed, 08 Jan 2025 08:05:59 +0000;CVE-2024-40747;Non disponible;CWE-79;0.000430000;https://www.cert.ssi.gouv.fr/avis/CERTFR-2025-AVI-0008/;Various module chromes didn t properly process inputs, leading to XSS vectors.;Non disponible;Joomla! Project;Joomla! CMS;4.0.0-4.4.9
Multiples vulnerabilites dans les produits SonicWall (08 janvier 2025);Avis;Wed, 08 Jan 2025 08:31:07 +0000;CVE-2024-12802;Non disponible;CWE-305;0.000430000;https://www.cert.ssi.gouv.fr/avis/CERTFR-2025-AVI-0013/;SSL-VPN MFA Bypass in SonicWALL SSL-VPN can arise in specific cases due to the separate handling of UPN (User Principal Name) and SAM (Security Account Manager) account names when integrated with Microsoft Active Directory, allowing MFA to be configured independently for each login method and potentially enabling attackers to bypass MFA by exploiting the alternative account name.;Non disponible;SonicWall;SonicOS;6.5.4.4-44v-21-2457 and older versions
Multiples vulnerabilites dans les produits Palo Alto Networks (09 janvier 2025);Avis;Thu, 09 Jan 2025 09:21:11 +0000;CVE-2024-12381;Non disponible;CWE-843;0.000610000;https://www.cert.ssi.gouv.fr/avis/CERTFR-2025-AVI-0016/;Type Confusion in V8 in Google Chrome prior to 131.0.6778.139 allowed a remote attacker to potentially exploit heap corruption via a crafted HTML page. (Chromium security severity: High);Non disponible;Google;Chrome;131.0.6778.139
Vulnerabilite dans Google Chrome (08 janvier 2025);Avis;Wed, 08 Jan 2025 08:29:05 +0000;CVE-2025-0291;Non disponible;CWE-843;0.000430000;https://www.cert.ssi.gouv.fr/avis/CERTFR-2025-AVI-0012/;Type Confusion in V8 in Google Chrome prior to 131.0.6778.264 allowed a remote attacker to execute arbitrary code inside a sandbox via a crafted HTML page. (Chromium security severity: High);Non disponible;Google;Chrome;131.0.6778.264
Multiples vulnerabilites dans les produits Splunk (08 janvier 2025);Avis;Wed, 08 Jan 2025 08:14:55 +0000;CVE-2020-14340;Non disponible;CWE-400;0.001220000;https://www.cert.ssi.gouv.fr/avis/CERTFR-2025-AVI-0010/;A vulnerability was discovered in XNIO where file descriptor leak caused by growing amounts of NIO Selector file handles between garbage collection cycles. It may allow the attacker to cause a denial of service. It affects XNIO versions 3.6.0.Beta1 through 3.8.1.Final.;Non disponible;n/a;XNIO;xnio 3.7.9.Final
Multiples vulnerabilites dans les produits Splunk (08 janvier 2025);Avis;Wed, 08 Jan 2025 08:14:55 +0000;CVE-2020-35510;Non disponible;CWE-400;0.000870000;https://www.cert.ssi.gouv.fr/avis/CERTFR-2025-AVI-0010/;A flaw was found in jboss-remoting in versions before 5.0.20.SP1-redhat-00001. A malicious attacker could cause threads to hold up forever in the EJB server by writing a sequence of bytes corresponding to the expected messages of a successful EJB client request, but omitting the ACK messages, or just tamper with jboss-remoting code, deleting the lines that send the ACK message from the EJB client code resulting in a denial of service. The highest threat from this vulnerability is to system availability.;Non disponible;n/a;jboss-remoting;jboss-remoting 5.0.20.SP1-redhat-00001
Multiples vulnerabilites dans les produits Palo Alto Networks (09 janvier 2025);Avis;Thu, 09 Jan 2025 09:21:11 +0000;CVE-2024-12692;Non disponible;CWE-843;0.000430000;https://www.cert.ssi.gouv.fr/avis/CERTFR-2025-AVI-0016/;Type Confusion in V8 in Google Chrome prior to 131.0.6778.204 allowed a remote attacker to potentially exploit heap corruption via a crafted HTML page. (Chromium security severity: High);Non disponible;Google;Chrome;131.0.6778.204
Multiples vulnerabilites dans Joomla! (08 janvier 2025);Avis;Wed, 08 Jan 2025 08:05:59 +0000;CVE-2024-40749;Non disponible;CWE-284;0.000430000;https://www.cert.ssi.gouv.fr/avis/CERTFR-2025-AVI-0008/;Improper Access Controls allows access to protected views.;Non disponible;Joomla! Project;Joomla! CMS;3.9.0-3.10.19
Multiples vulnerabilites dans les produits SonicWall (08 janvier 2025);Avis;Wed, 08 Jan 2025 08:31:07 +0000;CVE-2024-40762;Non disponible;CWE-338;0.000430000;https://www.cert.ssi.gouv.fr/avis/CERTFR-2025-AVI-0013/;Use of Cryptographically Weak Pseudo-Random Number Generator (PRNG) in the SonicOS SSLVPN authentication token generator that, in certain cases, can be predicted by an attacker potentially resulting in authentication bypass.;Non disponible;SonicWall;SonicOS;7.1.1-7058 and older versions
Multiples vulnerabilites dans les produits Palo Alto Networks (09 janvier 2025);Avis;Thu, 09 Jan 2025 09:21:11 +0000;CVE-2024-12382;Non disponible;CWE-416;0.000610000;https://www.cert.ssi.gouv.fr/avis/CERTFR-2025-AVI-0016/;Use after free in Translate in Google Chrome prior to 131.0.6778.139 allowed a remote attacker to potentially exploit heap corruption via a crafted HTML page. (Chromium security severity: High);Non disponible;Google;Chrome;131.0.6778.139
Multiples vulnerabilites dans LibreOffice (08 janvier 2025);Avis;Wed, 08 Jan 2025 07:59:36 +0000;CVE-2024-12425;Non disponible;CWE-22;0.000440000;https://www.cert.ssi.gouv.fr/avis/CERTFR-2025-AVI-0006/;"Improper Limitation of a Pathname to a Restricted Directory ( Path Traversal ) vulnerability in The Document Foundation LibreOffice allows Absolute Path Traversal.




An attacker can write to arbitrary locations, albeit suffixed with "".ttf"", by supplying a file in a format that supports embedded font files.


This issue affects LibreOffice: from 24.8 before < 24.8.4.";Non disponible;The Document Foundation;LibreOffice;24.8
Multiples vulnerabilites dans les produits SonicWall (08 janvier 2025);Avis;Wed, 08 Jan 2025 08:31:07 +0000;CVE-2024-12805;Non disponible;CWE-134;0.000430000;https://www.cert.ssi.gouv.fr/avis/CERTFR-2025-AVI-0013/;A post-authentication format string vulnerability in SonicOS management allows a remote attacker to crash a firewall and potentially leads to code execution.;Non disponible;SonicWall;SonicOS;6.5.4.15-117n and older versions
Multiples vulnerabilites dans les produits Splunk (08 janvier 2025);Avis;Wed, 08 Jan 2025 08:14:55 +0000;CVE-2023-5685;Non disponible;CWE-400;0.000440000;https://www.cert.ssi.gouv.fr/avis/CERTFR-2025-AVI-0010/;A flaw was found in XNIO. The XNIO NotifierState that can cause a Stack Overflow Exception when the chain of notifier states becomes problematically large can lead to uncontrolled resource management and a possible denial of service (DoS).;Non disponible;Red Hat;"EAP 7.4.14; Red Hat build of Apache Camel 4.4.0 for Spring Boot; Red Hat JBoss Enterprise Application Platform 7.1 EUS for RHEL 7; Red Hat JBoss Enterprise Application Platform 7.3 EUS for RHEL 7; Red Hat JBoss Enterprise Application Platform 7.4 for RHEL 8; Red Hat JBoss Enterprise Application Platform 7.4 for RHEL 9; Red Hat JBoss Enterprise Application Platform 7.4 on RHEL 7; Red Hat build of Apache Camel for Spring Boot 3; Red Hat build of Apache Camel - HawtIO; Red Hat Build of Keycloak; Red Hat Data Grid 8; Red Hat Integration Camel K; Red Hat JBoss Data Grid 7; Red Hat JBoss Enterprise Application Platform 8; Red Hat JBoss Enterprise Application Platform Expansion Pack; Red Hat JBoss Fuse Service Works 6; Red Hat Process Automation 7; Red Hat Single Sign-On 7";
